{
    "$schema": "https://schema.management.azure.com/schemas/2015-01-01/deploymentParameters.json#",
    "contentVersion": "1.0.0.0",
    "parameters": {
        "databaseName": {
            "value": "mysqldatabase53339"
        },
        "administratorLogin": {
            "value": "mysqldbuser"
        },
        "administratorLoginPassword": {
            "value": null
        },
        "mysqLocation": {
            "value": "West Europe"
        },
        "serverName": {
            "value": "wordpresssitename-mysqldbserver"
        },
        "skuCapacity": {
            "value": 4
        },
        "skuFamily": {
            "value": "Gen5"
        },
        "skuName": {
            "value": "GP_Gen5_4"
        },
        "skuSizeMB": {
            "value": 102400
        },
        "skuTier": {
            "value": "GeneralPurpose"
        },
        "storageMB": {
            "value": 102400
        },
        "backupRetentionDays": {
            "value": 7
        },
        "geoRedundantBackup": {
            "value": "Enabled"
        },
        "version": {
            "value": "5.7"
        },
        "collation": {
            "value": "utf8_general_ci"
        },
        "charset": {
            "value": "utf8"
        },
        "name": {
            "value": "WordPressSiteName"
        },
        "hostingPlanName": {
            "value": "AppServicePlanName"
        },
        "hostingEnvironment": {
            "value": ""
        },
        "location": {
            "value": "West Europe"
        },
        "sku": {
            "value": "Standard"
        },
        "workerSize": {
            "value": "0"
        },
        "serverFarmResourceGroup": {
            "value": "WordPress"
        },
        "skuCode": {
            "value": "S1"
        },
        "subscriptionId": {
            "value": "353cf4ac-1f2b-47e0-bad9-a85ed686e470"
        }
    }
}